raw,canonical
CHIROPRACTIC,CHIROPRACTIC
CHIROPRACTIC PRACT,CHIROPRACTIC
CHIROPRACTOR,CHIROPRACTIC
DC,CHIROPRACTIC
PODIATRY,PODIATRY
PODIATRY PRACTICE,PODIATRY
PODIATRIST,PODIATRY
DPM,PODIATRY
OSTEOPATHY,OSTEOPATHY
OSTEOPATHIC PRAC,OSTEOPATHY
OSTEOPATH,OSTEOPATHY
ACUPUNCTURIST,ACUPUNCTURE
ACUPUNCTURE PRACTICE,ACUPUNCTURE
ACUPUNCTURE,ACUPUNCTURE
LAC,ACUPUNCTURE
PHYSICAL THERAPY,PHYSICAL THERAPY
PHYS THERAPY PROVIDE,PHYSICAL THERAPY
PHYSICAL THERAPIST,PHYSICAL THERAPY
PT,PHYSICAL THERAPY
GENERAL PRACTICE/FP,GENERAL PRACTICE
GENERAL PRACTICE,GENERAL PRACTICE
FAMILY PRACTICE,GENERAL PRACTICE
FAMILY MEDICINE,GENERAL PRACTICE
PSYCHOLOGY,PSYCHOLOGY
PSYCHOLOGIC PRACTICE,PSYCHOLOGY
PSYCHOLOGIST,PSYCHOLOGY
DENTIST,DENTISTRY
DENTAL PRACTICE,DENTISTRY
DENTISTRY,DENTISTRY
DDS,DENTISTRY
RADIOLOGY,RADIOLOGY
RADIOLOGY FACILITY,RADIOLOGY
RADIOLOGIST,RADIOLOGY
IMAGING,RADIOLOGY
PHARMACY,PHARMACY
PHARMACIST,PHARMACY
OPTOMETRY,OPTOMETRY
OPTOMETRIC PRACTICE,OPTOMETRY
OPTOMETRIST,OPTOMETRY
AUDIOLOGY,AUDIOLOGY
AUDIOLOGY PRACTICE,AUDIOLOGY
AUDIOLOGIST,AUDIOLOGY
PAIN MANAGEMENT,PAIN MANAGEMENT
PAIN MGMT/PHYSIATRIS,PAIN MANAGEMENT
ORTHOPEDICS,ORTHOPEDICS
ORTHOPEDIC SURGERY,ORTHOPEDICS
ORTHOPEDIC SURGEON,ORTHOPEDICS
LAWYER,LAW
LAW PRACTICE,LAW
ATTORNEY,LAW
PERSONAL INJURY,LAW
AUTO BODY,AUTO BODY REPAIR
COLLISION REPAIR,AUTO BODY REPAIR
NURSE/NURSES AIDE,NURSING
NURSING FIRM,NURSING
NURSE,NURSING
