review_id,pair_id,extracted_record_id,extracted_part,watchlist_record_id,watchlist_part,run_id,core_version,b2_version,round,selection,seed,stratum,band,basis,rank,N_h,n_h,inclusion_prob,weight,group,split,annotators,double_coded,final_label,n_annotators,labels,unanimous,adjudicated,adjudicator_id,adjudication_reason,label_source,y
R00-92D630A8,X:E01X:B~W:E11W:B,E01X,business,E11W,business,run-cb24ce0c1598,1.0,1.0,0,stratified,20260926,0.1-0.5|address,0.1-0.5,address,2.0,1,1,1.0,1.0,E01X|business,train,A1,False,non-match,1,A1:non-match,True,False,,,single,0.0
R00-8891EB40,X:SX002788:P~W:SW003080:P,SX002788,person,SW003080,person,run-cb24ce0c1598,1.0,1.0,0,stratified,20260926,0.1-0.5|contextual,0.1-0.5,contextual,1.0,20,3,0.15,6.666666666666667,SX002788|person,sealed_test,A1;A2,True,non-match,2,A1:non-match; A2:unsure,False,True,ADJ1,conflicting details outweigh the name,adjudicated,0.0
R00-0E909C52,X:SX002820:B~W:SW004628:B,SX002820,business,SW004628,business,run-cb24ce0c1598,1.0,1.0,0,stratified,20260926,0.1-0.5|contextual,0.1-0.5,contextual,2.0,20,3,0.15,6.666666666666667,SX002820|business,train,A1,False,non-match,1,A1:unsure,True,True,ADJ1,conflicting details outweigh the name,adjudicated,0.0
R00-C368B113,X:SX002834:B~W:SW004707:B,SX002834,business,SW004707,business,run-cb24ce0c1598,1.0,1.0,0,stratified,20260926,0.1-0.5|contextual,0.1-0.5,contextual,2.0,20,3,0.15,6.666666666666667,SX002834|business,calibration,A2;A1,True,non-match,2,A1:non-match; A2:non-match,True,False,,,unanimous,0.0
R00-4743B58B,X:E11X:B~W:E11W:B,E11X,business,E11W,business,run-cb24ce0c1598,1.0,1.0,0,stratified,20260926,0.1-0.5|identifier,0.1-0.5,identifier,1.0,4,2,0.5,2.0,E11X|business,train,A1;A2,True,match,2,A1:match; A2:match,True,False,,,unanimous,1.0
R00-0E6D5D41,X:E39X:B~W:E39W:B,E39X,business,E39W,business,run-cb24ce0c1598,1.0,1.0,0,stratified,20260926,0.1-0.5|identifier,0.1-0.5,identifier,1.0,4,2,0.5,2.0,E39X|business,train,A1;A2,True,match,2,A1:match; A2:match,True,False,,,unanimous,1.0
R00-AC95F6FB,X:SX000304:P~W:SW003391:P,SX000304,person,SW003391,person,run-cb24ce0c1598,1.0,1.0,0,stratified,20260926,0.1-0.5|name_only,0.1-0.5,name_only,2.0,26,3,0.11538461538461539,8.666666666666666,SX000304|person,sealed_test,A1;A2,True,non-match,2,A1:non-match; A2:non-match,True,False,,,unanimous,0.0
R00-31C6DE99,X:SX001338:P~W:SW000702:P,SX001338,person,SW000702,person,run-cb24ce0c1598,1.0,1.0,0,stratified,20260926,0.1-0.5|name_only,0.1-0.5,name_only,2.0,26,3,0.11538461538461539,8.666666666666666,SX001338|person,calibration,A2;A1,True,match,2,A1:match; A2:match,True,False,,,unanimous,1.0
R00-B69DD53F,X:SX002521:B~W:SW003980:B,SX002521,business,SW003980,business,run-cb24ce0c1598,1.0,1.0,0,stratified,20260926,0.1-0.5|name_only,0.1-0.5,name_only,1.0,26,3,0.11538461538461539,8.666666666666666,SX002521|business,sealed_test,A2;A1,True,non-match,2,A1:non-match; A2:non-match,True,False,,,unanimous,0.0
R00-F1E1ED14,X:SX001118:P~W:SW000598:P,SX001118,person,SW000598,person,run-cb24ce0c1598,1.0,1.0,0,stratified,20260926,0.1-0.5|none,0.1-0.5,none,1.0,4,2,0.5,2.0,SX001118|person,sealed_test,A1;A2,True,match,2,A1:match; A2:match,True,False,,,unanimous,1.0
R00-A1632D32,X:SX001872:P~W:SW000990:P,SX001872,person,SW000990,person,run-cb24ce0c1598,1.0,1.0,0,stratified,20260926,0.1-0.5|none,0.1-0.5,none,1.0,4,2,0.5,2.0,SX001872|person,calibration,A1;A2,True,match,2,A1:match; A2:match,True,False,,,unanimous,1.0
R00-211BBB5A,X:SX001970:P~W:SW001052:P,SX001970,person,SW001052,person,run-cb24ce0c1598,1.0,1.0,0,stratified,20260926,0.5-0.8|address,0.5-0.8,address,1.0,3,2,0.6666666666666666,1.5,SX001970|person,calibration,A1;A2,True,match,2,A1:match; A2:match,True,False,,,unanimous,1.0
R00-586B3D45,X:SX002028:P~W:SW001083:P,SX002028,person,SW001083,person,run-cb24ce0c1598,1.0,1.0,0,stratified,20260926,0.5-0.8|address,0.5-0.8,address,1.0,3,2,0.6666666666666666,1.5,SX002028|person,sealed_test,A2;A1,True,match,2,A1:match; A2:match,True,False,,,unanimous,1.0
R00-7628EF05,X:SX001959:P~W:SW001045:P,SX001959,person,SW001045,person,run-cb24ce0c1598,1.0,1.0,0,stratified,20260926,0.5-0.8|contextual,0.5-0.8,contextual,2.0,3,2,0.6666666666666666,1.5,SX001959|person,train,A1;A2,True,match,2,A1:match; A2:unsure,False,True,ADJ1,decided on the identifiers and date of birth shown,adjudicated,1.0
R00-5B30D8FF,X:SX002244:P~W:SW001195:P,SX002244,person,SW001195,person,run-cb24ce0c1598,1.0,1.0,0,stratified,20260926,0.5-0.8|contextual,0.5-0.8,contextual,1.0,3,2,0.6666666666666666,1.5,SX002244|person,calibration,A1;A2,True,match,2,A1:match; A2:match,True,False,,,unanimous,1.0
R00-DD0CDE91,X:SX001013:P~W:SW000534:P,SX001013,person,SW000534,person,run-cb24ce0c1598,1.0,1.0,0,stratified,20260926,0.5-0.8|identifier,0.5-0.8,identifier,1.0,1,1,1.0,1.0,SX001013|person,sealed_test,A1;A2,True,match,2,A1:match; A2:match,True,False,,,unanimous,1.0
R00-60B90B83,X:E13X:P~W:SW004914:P,E13X,person,SW004914,person,run-cb24ce0c1598,1.0,1.0,0,stratified,20260926,0.5-0.8|name_only,0.5-0.8,name_only,1.0,9,2,0.2222222222222222,4.5,E13X|person,sealed_test,A1;A2,True,non-match,2,A1:unsure; A2:non-match,False,True,ADJ1,conflicting details outweigh the name,adjudicated,0.0
R00-9F755B2E,X:SX002651:B~W:SW002784:B,SX002651,business,SW002784,business,run-cb24ce0c1598,1.0,1.0,0,stratified,20260926,0.5-0.8|name_only,0.5-0.8,name_only,2.0,9,2,0.2222222222222222,4.5,SX002651|business,train,A2;A1,True,non-match,2,A1:non-match; A2:non-match,True,False,,,unanimous,0.0
R00-2812791C,X:SX001701:P~W:SW000890:P,SX001701,person,SW000890,person,run-cb24ce0c1598,1.0,1.0,0,stratified,20260926,0.8-0.9|address,0.8-0.9,address,1.0,3,2,0.6666666666666666,1.5,SX001701|person,train,A1;A2,True,match,2,A1:match; A2:match,True,False,,,unanimous,1.0
R00-DA49579F,X:SX002747:B~W:SW001375:B,SX002747,business,SW001375,business,run-cb24ce0c1598,1.0,1.0,0,stratified,20260926,0.8-0.9|address,0.8-0.9,address,1.0,3,2,0.6666666666666666,1.5,SX002747|business,sealed_test,A1;A2,True,non-match,2,A1:non-match; A2:non-match,True,False,,,unanimous,0.0
R00-537DA152,X:SX002855:P~W:SW001512:P,SX002855,person,SW001512,person,run-cb24ce0c1598,1.0,1.0,0,stratified,20260926,0.8-0.9|co_party,0.8-0.9,co_party,1.0,1,1,1.0,1.0,SX002855|person,sealed_test,A1;A2,True,match,2,A1:match; A2:match,True,False,,,unanimous,1.0
R00-39D5B27C,X:SX000251:P~W:SW000127:P,SX000251,person,SW000127,person,run-cb24ce0c1598,1.0,1.0,0,stratified,20260926,0.8-0.9|contextual,0.8-0.9,contextual,2.0,5,2,0.4,2.5,SX000251|person,sealed_test,A2;A1,True,match,2,A1:match; A2:match,True,False,,,unanimous,1.0
R00-912C9A75,X:SX001191:P~W:SW000636:P,SX001191,person,SW000636,person,run-cb24ce0c1598,1.0,1.0,0,stratified,20260926,0.8-0.9|contextual,0.8-0.9,contextual,1.0,5,2,0.4,2.5,SX001191|person,sealed_test,A1;A2,True,match,2,A1:match; A2:match,True,False,,,unanimous,1.0
R00-888E5E4E,X:SX000892:P~W:SW000464:P,SX000892,person,SW000464,person,run-cb24ce0c1598,1.0,1.0,0,stratified,20260926,0.8-0.9|name_only,0.8-0.9,name_only,1.0,11,2,0.18181818181818182,5.5,SX000892|person,sealed_test,A1;A2,True,match,2,A1:match; A2:match,True,False,,,unanimous,1.0
R00-543B6CB4,X:SX002505:B~W:SW001334:B,SX002505,business,SW001334,business,run-cb24ce0c1598,1.0,1.0,0,stratified,20260926,0.8-0.9|name_only,0.8-0.9,name_only,1.0,11,2,0.18181818181818182,5.5,SX002505|business,train,A2;A1,True,match,2,A1:match; A2:match,True,False,,,unanimous,1.0
R00-133CA973,X:SX002752:P~W:SW001463:P,SX002752,person,SW001463,person,run-cb24ce0c1598,1.0,1.0,0,stratified,20260926,p<0.1|address,p<0.1,address,1.0,27,2,0.07407407407407407,13.5,SX002752|person,train,A2;A1,True,match,2,A1:match; A2:match,True,False,,,unanimous,1.0
R00-9F9AC549,X:SX002822:B~W:SW001326:B,SX002822,business,SW001326,business,run-cb24ce0c1598,1.0,1.0,0,stratified,20260926,p<0.1|address,p<0.1,address,2.0,27,2,0.07407407407407407,13.5,SX002822|business,sealed_test,A2;A1,True,non-match,2,A1:non-match; A2:non-match,True,False,,,unanimous,0.0
R00-8A564A38,X:SX001391:P~W:SW003272:P,SX001391,person,SW003272,person,run-cb24ce0c1598,1.0,1.0,0,stratified,20260926,p<0.1|contextual,p<0.1,contextual,1.0,78,2,0.02564102564102564,39.0,SX001391|person,train,A2;A1,True,non-match,2,A1:non-match; A2:match,False,True,ADJ1,conflicting details outweigh the name,adjudicated,0.0
R00-B28E5FF3,X:SX001881:P~W:SW003332:P,SX001881,person,SW003332,person,run-cb24ce0c1598,1.0,1.0,0,stratified,20260926,p<0.1|contextual,p<0.1,contextual,3.0,78,2,0.02564102564102564,39.0,SX001881|person,calibration,A1;A2,True,non-match,2,A1:non-match; A2:non-match,True,False,,,unanimous,0.0
R00-22A70063,X:SX000221:P~W:SW002583:P,SX000221,person,SW002583,person,run-cb24ce0c1598,1.0,1.0,0,stratified,20260926,p<0.1|dob,p<0.1,dob,1.0,2,2,1.0,1.0,SX000221|person,train,A2,False,non-match,1,A2:non-match,True,False,,,single,0.0
R00-07EC134E,X:SX000997:P~W:E13W1:P,SX000997,person,E13W1,person,run-cb24ce0c1598,1.0,1.0,0,stratified,20260926,p<0.1|dob,p<0.1,dob,2.0,2,2,1.0,1.0,SX000997|person,sealed_test,A1;A2,True,non-match,2,A1:non-match; A2:non-match,True,False,,,unanimous,0.0
R00-06289E4E,X:E04X2:P~W:E04W:P,E04X2,person,E04W,person,run-cb24ce0c1598,1.0,1.0,0,stratified,20260926,p<0.1|identifier,p<0.1,identifier,1.0,4,2,0.5,2.0,E04X2|person,sealed_test,A1;A2,True,non-match,2,A1:non-match; A2:non-match,True,False,,,unanimous,0.0
R00-7342E49B,X:E04X3:P~W:E04W:P,E04X3,person,E04W,person,run-cb24ce0c1598,1.0,1.0,0,stratified,20260926,p<0.1|identifier,p<0.1,identifier,1.0,4,2,0.5,2.0,E04X3|person,calibration,A1;A2,True,non-match,2,A1:non-match; A2:non-match,True,False,,,unanimous,0.0
R00-6B15C093,X:SX000035:P~W:SW004658:P,SX000035,person,SW004658,person,run-cb24ce0c1598,1.0,1.0,0,stratified,20260926,p<0.1|name_only,p<0.1,name_only,1.0,1966,6,0.003051881993896236,327.6666666666667,SX000035|person,calibration,A1;A2,True,non-match,2,A1:non-match; A2:non-match,True,False,,,unanimous,0.0
R00-4F579DDF,X:SX001134:P~W:SW000304:P,SX001134,person,SW000304,person,run-cb24ce0c1598,1.0,1.0,0,stratified,20260926,p<0.1|name_only,p<0.1,name_only,3.0,1966,6,0.003051881993896236,327.6666666666667,SX001134|person,train,A1,False,non-match,1,A1:non-match,True,False,,,single,0.0
R00-4FEF81B9,X:SX001882:P~W:SW001194:P,SX001882,person,SW001194,person,run-cb24ce0c1598,1.0,1.0,0,stratified,20260926,p<0.1|name_only,p<0.1,name_only,3.0,1966,6,0.003051881993896236,327.6666666666667,SX001882|person,train,A1;A2,True,non-match,2,A1:non-match; A2:non-match,True,False,,,unanimous,0.0
R00-B0777319,X:SX000383:P~W:SW004378:P,SX000383,person,SW004378,person,run-cb24ce0c1598,1.0,1.0,0,stratified,20260926,p<0.1|none,p<0.1,none,3.0,5409,5,0.0009243852837862821,1081.8,SX000383|person,train,A2,False,non-match,1,A2:unsure,True,True,ADJ1,conflicting details outweigh the name,adjudicated,0.0
R00-D03F5CF5,X:SX000485:P~W:SW001029:P,SX000485,person,SW001029,person,run-cb24ce0c1598,1.0,1.0,0,stratified,20260926,p<0.1|none,p<0.1,none,3.0,5409,5,0.0009243852837862821,1081.8,SX000485|person,sealed_test,A2;A1,True,non-match,2,A1:non-match; A2:non-match,True,False,,,unanimous,0.0
R00-17102935,X:SX001469:P~W:SW002569:P,SX001469,person,SW002569,person,run-cb24ce0c1598,1.0,1.0,0,stratified,20260926,p<0.1|none,p<0.1,none,2.0,5409,5,0.0009243852837862821,1081.8,SX001469|person,train,A1;A2,True,non-match,2,A1:non-match; A2:non-match,True,False,,,unanimous,0.0
R00-CCF91168,X:SX000355:P~W:SW000189:P,SX000355,person,SW000189,person,run-cb24ce0c1598,1.0,1.0,0,stratified,20260926,p>=0.9|address,p>=0.9,address,1.0,449,2,0.004454342984409799,224.5,SX000355|person,sealed_test,A2;A1,True,match,2,A1:match; A2:match,True,False,,,unanimous,1.0
R00-DED24B16,X:SX001098:P~W:SW000587:P,SX001098,person,SW000587,person,run-cb24ce0c1598,1.0,1.0,0,stratified,20260926,p>=0.9|address,p>=0.9,address,1.0,449,2,0.004454342984409799,224.5,SX001098|person,train,A2,False,match,1,A2:match,True,False,,,single,1.0
R00-64371F03,X:E20X:P~W:E20W:P,E20X,person,E20W,person,run-cb24ce0c1598,1.0,1.0,0,stratified,20260926,p>=0.9|co_party,p>=0.9,co_party,1.0,6,2,0.3333333333333333,3.0,E20X|person,sealed_test,A1;A2,True,match,2,A1:match; A2:match,True,False,,,unanimous,1.0
R00-172F2C9F,X:SX002820:P~W:SW001490:P,SX002820,person,SW001490,person,run-cb24ce0c1598,1.0,1.0,0,stratified,20260926,p>=0.9|co_party,p>=0.9,co_party,1.0,6,2,0.3333333333333333,3.0,SX002820|person,sealed_test,A1;A2,True,match,2,A1:match; A2:match,True,False,,,unanimous,1.0
R00-D13F1051,X:SX001888:P~W:SW001001:P,SX001888,person,SW001001,person,run-cb24ce0c1598,1.0,1.0,0,stratified,20260926,p>=0.9|contextual,p>=0.9,contextual,1.0,350,3,0.008571428571428572,116.66666666666666,SX001888|person,sealed_test,A1;A2,True,match,2,A1:match; A2:match,True,False,,,unanimous,1.0
R00-7085707B,X:SX002002:P~W:SW001069:P,SX002002,person,SW001069,person,run-cb24ce0c1598,1.0,1.0,0,stratified,20260926,p>=0.9|contextual,p>=0.9,contextual,1.0,350,3,0.008571428571428572,116.66666666666666,SX002002|person,calibration,A1;A2,True,match,2,A1:match; A2:match,True,False,,,unanimous,1.0
R00-E7552322,X:SX002524:B~W:SW001346:B,SX002524,business,SW001346,business,run-cb24ce0c1598,1.0,1.0,0,stratified,20260926,p>=0.9|contextual,p>=0.9,contextual,1.0,350,3,0.008571428571428572,116.66666666666666,SX002524|business,sealed_test,A2;A1,True,match,2,A1:unsure; A2:match,False,True,ADJ1,decided on the identifiers and date of birth shown,adjudicated,1.0
R00-5976EE05,X:SX000701:P~W:SW000364:P,SX000701,person,SW000364,person,run-cb24ce0c1598,1.0,1.0,0,stratified,20260926,p>=0.9|dob,p>=0.9,dob,1.0,279,2,0.007168458781362007,139.5,SX000701|person,train,A2;A1,True,match,2,A1:match; A2:match,True,False,,,unanimous,1.0
R00-0E23767E,X:SX001119:P~W:SW000599:P,SX001119,person,SW000599,person,run-cb24ce0c1598,1.0,1.0,0,stratified,20260926,p>=0.9|dob,p>=0.9,dob,1.0,279,2,0.007168458781362007,139.5,SX001119|person,train,A1,False,match,1,A1:match,True,False,,,single,1.0
R00-D7BA9BF4,X:SX000870:P~W:SW000447:P,SX000870,person,SW000447,person,run-cb24ce0c1598,1.0,1.0,0,stratified,20260926,p>=0.9|identifier,p>=0.9,identifier,1.0,918,2,0.002178649237472767,458.99999999999994,SX000870|person,train,A2;A1,True,match,2,A1:match; A2:match,True,False,,,unanimous,1.0
R00-8DAE1E09,X:SX002109:P~W:SW001117:P,SX002109,person,SW001117,person,run-cb24ce0c1598,1.0,1.0,0,stratified,20260926,p>=0.9|identifier,p>=0.9,identifier,2.0,918,2,0.002178649237472767,458.99999999999994,SX002109|person,train,A1;A2,True,match,2,A1:match; A2:match,True,False,,,unanimous,1.0
R00-4306FC06,X:E28X:P~W:E28W:P,E28X,person,E28W,person,run-cb24ce0c1598,1.0,1.0,0,stratified,20260926,p>=0.9|name_only,p>=0.9,name_only,1.0,81,2,0.024691358024691357,40.5,E28X|person,sealed_test,A1;A2,True,match,2,A1:match; A2:match,True,False,,,unanimous,1.0
R00-72F17C6B,X:SX002432:B~W:SW001297:B,SX002432,business,SW001297,business,run-cb24ce0c1598,1.0,1.0,0,stratified,20260926,p>=0.9|name_only,p>=0.9,name_only,1.0,81,2,0.024691358024691357,40.5,SX002432|business,calibration,A1;A2,True,match,2,A1:match; A2:match,True,False,,,unanimous,1.0
R00-4D6F3FE1,X:SX000528:P~W:SW000288:P,SX000528,person,SW000288,person,run-cb24ce0c1598,1.0,1.0,0,stratified,20260926,p>=0.9|none,p>=0.9,none,1.0,3,2,0.6666666666666666,1.5,SX000528|person,train,A1,False,match,1,A1:match,True,False,,,single,1.0
R00-294AB328,X:SX001534:P~W:SW000807:P,SX001534,person,SW000807,person,run-cb24ce0c1598,1.0,1.0,0,stratified,20260926,p>=0.9|none,p>=0.9,none,1.0,3,2,0.6666666666666666,1.5,SX001534|person,train,A2;A1,True,match,2,A1:match; A2:match,True,False,,,unanimous,1.0
R00-CA33D80F,X:SX002438:B~W:SW001448:B,SX002438,business,SW001448,business,run-cb24ce0c1598,1.0,1.0,0,stratified,20260926,vetoed|address,vetoed,address,,4,2,0.5,2.0,SX002438|business,train,A1;A2,True,non-match,2,A1:non-match; A2:non-match,True,False,,,unanimous,0.0
R00-A24AC26E,X:SX002605:B~W:SW001326:B,SX002605,business,SW001326,business,run-cb24ce0c1598,1.0,1.0,0,stratified,20260926,vetoed|address,vetoed,address,,4,2,0.5,2.0,SX002605|business,train,A2;A1,True,non-match,2,A1:non-match; A2:non-match,True,False,,,unanimous,0.0
R00-772CD8A6,X:SX000557:P~W:SW003182:P,SX000557,person,SW003182,person,run-cb24ce0c1598,1.0,1.0,0,stratified,20260926,vetoed|contextual,vetoed,contextual,,20,2,0.1,10.0,SX000557|person,sealed_test,A1;A2,True,non-match,2,A1:non-match; A2:non-match,True,False,,,unanimous,0.0
R00-3E020D48,X:SX001033:P~W:SW001442:P,SX001033,person,SW001442,person,run-cb24ce0c1598,1.0,1.0,0,stratified,20260926,vetoed|contextual,vetoed,contextual,,20,2,0.1,10.0,SX001033|person,train,A1;A2,True,non-match,2,A1:non-match; A2:non-match,True,False,,,unanimous,0.0
R00-346EDB1B,X:E06X:P~W:E06W:P,E06X,person,E06W,person,run-cb24ce0c1598,1.0,1.0,0,stratified,20260926,vetoed|dob,vetoed,dob,,1,1,1.0,1.0,E06X|person,train,A2,False,non-match,1,A2:non-match,True,False,,,single,0.0
R00-4415E1FF,X:SX001246:P~W:SW001640:P,SX001246,person,SW001640,person,run-cb24ce0c1598,1.0,1.0,0,stratified,20260926,vetoed|name_only,vetoed,name_only,,431,2,0.004640371229698376,215.5,SX001246|person,calibration,A1;A2,True,non-match,2,A1:non-match; A2:non-match,True,False,,,unanimous,0.0
R00-30B9F0C0,X:SX002300:B~W:SW004128:B,SX002300,business,SW004128,business,run-cb24ce0c1598,1.0,1.0,0,stratified,20260926,vetoed|name_only,vetoed,name_only,,431,2,0.004640371229698376,215.5,SX002300|business,sealed_test,A1;A2,True,non-match,2,A1:non-match; A2:non-match,True,False,,,unanimous,0.0
R00-0B61BBE1,X:SX000514:P~W:SW003755:P,SX000514,person,SW003755,person,run-cb24ce0c1598,1.0,1.0,0,stratified,20260926,vetoed|none,vetoed,none,,1426,2,0.001402524544179523,713.0,SX000514|person,train,A1;A2,True,non-match,2,A1:non-match; A2:non-match,True,False,,,unanimous,0.0
R00-550A0FA6,X:SX001845:P~W:SW002470:P,SX001845,person,SW002470,person,run-cb24ce0c1598,1.0,1.0,0,stratified,20260926,vetoed|none,vetoed,none,,1426,2,0.001402524544179523,713.0,SX001845|person,calibration,A1;A2,True,non-match,2,A1:non-match; A2:non-match,True,False,,,unanimous,0.0
