review_id,annotator_id,label,confidence,reason,labelled_at
R00-DA49579F,A2,non-match,medium,business names differ (although: same address),2026-10-05T09:00:00
R00-3E020D48,A2,non-match,high,different NPI; different phone; same city only,2026-10-05T09:03:00
R00-DD0CDE91,A2,match,medium,same driver licence; same phone (despite: names differ),2026-10-05T09:06:00
R00-4415E1FF,A2,non-match,high,different address; different date of birth; different SSN,2026-10-05T09:09:00
R00-7628EF05,A2,unsure,low,evidence points both ways: first name is a nickname or spelling variant; same state only,2026-10-05T09:12:00
R00-A24AC26E,A2,non-match,medium,business names differ; different TIN (although: same address),2026-10-05T09:15:00
R00-2812791C,A2,match,medium,same address; same phone; same specialty (despite: names differ),2026-10-05T09:18:00
R00-8891EB40,A2,unsure,low,too little to compare: same city only,2026-10-05T09:21:00
R00-DED24B16,A2,match,high,same address; same name,2026-10-05T09:24:00
R00-E7552322,A2,match,medium,same business name,2026-10-05T09:27:00
R00-5976EE05,A2,match,high,same date of birth; same name,2026-10-05T09:30:00
R00-586B3D45,A2,match,medium,same address; same middle name (despite: names differ),2026-10-05T09:33:00
R00-6B15C093,A2,non-match,high,"different address; same surname, different first name",2026-10-05T09:36:00
R00-9F755B2E,A2,non-match,medium,different address (although: same business name),2026-10-05T09:39:00
R00-D03F5CF5,A2,non-match,high,different address; names differ,2026-10-05T09:42:00
R00-772CD8A6,A2,non-match,high,different date of birth; different SSN; same state only,2026-10-05T09:45:00
R00-133CA973,A2,match,medium,same street address (despite: names differ),2026-10-05T09:48:00
R00-22A70063,A2,non-match,medium,"different address; different phone; same surname, different first name (although: date of birth day/month swapped or one-digit typo)",2026-10-05T09:51:00
R00-06289E4E,A2,non-match,medium,names differ (although: same SSN),2026-10-05T09:54:00
R00-0E6D5D41,A2,match,high,same clinic NPI,2026-10-05T09:57:00
R00-31C6DE99,A2,match,medium,same name (despite: different address),2026-10-05T10:00:00
R00-A1632D32,A2,match,medium,same date of birth (despite: names differ),2026-10-05T10:03:00
R00-9F9AC549,A2,non-match,medium,business names differ (although: same address),2026-10-05T10:06:00
R00-294AB328,A2,match,medium,same date of birth; same middle name (despite: names differ),2026-10-05T10:09:00
R00-30B9F0C0,A2,non-match,medium,different address; different clinic NPI; different TIN (although: names share a distinctive word),2026-10-05T10:12:00
R00-172F2C9F,A2,match,high,the businesses on the same rows are the same; same name; same specialty,2026-10-05T10:15:00
R00-64371F03,A2,match,high,the businesses on the same rows are the same; same name,2026-10-05T10:18:00
R00-4743B58B,A2,match,high,same TIN,2026-10-05T10:21:00
R00-0B61BBE1,A2,non-match,medium,different address; different date of birth; names differ (although: same category),2026-10-05T10:24:00
R00-550A0FA6,A2,non-match,medium,different address; different date of birth; names differ (although: same category),2026-10-05T10:27:00
R00-912C9A75,A2,match,medium,only the first initial agrees,2026-10-05T10:30:00
R00-B28E5FF3,A2,non-match,high,different date of birth; different phone; different specialty or category,2026-10-05T10:33:00
R00-C368B113,A2,non-match,medium,different phone; same state only (although: same business name),2026-10-05T10:36:00
R00-72F17C6B,A2,match,medium,same business name (despite: different address),2026-10-05T10:39:00
R00-39D5B27C,A2,match,medium,only the first initial agrees,2026-10-05T10:42:00
R00-D13F1051,A2,match,high,same name; same specialty,2026-10-05T10:45:00
R00-888E5E4E,A2,match,medium,same name (despite: different address),2026-10-05T10:48:00
R00-346EDB1B,A2,non-match,medium,different SSN (although: same date of birth),2026-10-05T10:51:00
R00-CCF91168,A2,match,high,same address; same date of birth; same name,2026-10-05T10:54:00
R00-211BBB5A,A2,match,high,same street address; only the first initial agrees,2026-10-05T10:57:00
R00-17102935,A2,non-match,high,different address; different date of birth; different middle name,2026-10-05T11:00:00
R00-7085707B,A2,match,medium,same name,2026-10-05T11:03:00
R00-60B90B83,A2,non-match,medium,nothing agrees beyond a common name (although: same name),2026-10-05T11:06:00
R00-AC95F6FB,A2,non-match,medium,different address (although: first name is a nickname or spelling variant),2026-10-05T11:09:00
R00-07EC134E,A2,non-match,medium,"same surname, different first name (although: date of birth day/month swapped or one-digit typo)",2026-10-05T11:12:00
R00-4306FC06,A2,match,medium,same name (despite: different driver licence),2026-10-05T11:15:00
R00-B0777319,A2,unsure,low,too little to compare: different address,2026-10-05T11:18:00
R00-D7BA9BF4,A2,match,high,same date of birth; same email; same name,2026-10-05T11:21:00
R00-B69DD53F,A2,non-match,medium,different address (although: same business name),2026-10-05T11:24:00
R00-4FEF81B9,A2,non-match,high,"different address; different date of birth; same surname, different first name",2026-10-05T11:27:00
R00-537DA152,A2,match,medium,the businesses on the same rows are the same; surname spelled slightly differently; same category (despite: different phone),2026-10-05T11:30:00
R00-7342E49B,A2,non-match,medium,names differ (although: same SSN),2026-10-05T11:33:00
R00-8DAE1E09,A2,match,high,same name; same SSN,2026-10-05T11:36:00
R00-543B6CB4,A2,match,medium,same business name (despite: different address),2026-10-05T11:39:00
R00-CA33D80F,A2,non-match,medium,business names differ; different TIN (although: same street address),2026-10-05T11:42:00
R00-8A564A38,A2,match,low,values agree (despite: different date of birth),2026-10-05T11:45:00
R00-F1E1ED14,A2,match,medium,same date of birth (despite: names differ),2026-10-05T11:48:00
R00-5B30D8FF,A2,match,medium,middle initial agrees,2026-10-05T11:51:00
