review_id,annotator_id,position
R00-0E6D5D41,A1,1
R00-7628EF05,A1,2
R00-2812791C,A1,3
R00-C368B113,A1,4
R00-586B3D45,A1,5
R00-D13F1051,A1,6
R00-550A0FA6,A1,7
R00-B28E5FF3,A1,8
R00-A24AC26E,A1,9
R00-DD0CDE91,A1,10
R00-E7552322,A1,11
R00-F1E1ED14,A1,12
R00-30B9F0C0,A1,13
R00-4415E1FF,A1,14
R00-4D6F3FE1,A1,15
R00-D03F5CF5,A1,16
R00-211BBB5A,A1,17
R00-4F579DDF,A1,18
R00-CA33D80F,A1,19
R00-CCF91168,A1,20
R00-64371F03,A1,21
R00-6B15C093,A1,22
R00-0B61BBE1,A1,23
R00-8891EB40,A1,24
R00-39D5B27C,A1,25
R00-8A564A38,A1,26
R00-912C9A75,A1,27
R00-92D630A8,A1,28
R00-294AB328,A1,29
R00-888E5E4E,A1,30
R00-133CA973,A1,31
R00-537DA152,A1,32
R00-A1632D32,A1,33
R00-D7BA9BF4,A1,34
R00-172F2C9F,A1,35
R00-8DAE1E09,A1,36
R00-543B6CB4,A1,37
R00-5976EE05,A1,38
R00-B69DD53F,A1,39
R00-4FEF81B9,A1,40
R00-72F17C6B,A1,41
R00-60B90B83,A1,42
R00-31C6DE99,A1,43
R00-06289E4E,A1,44
R00-17102935,A1,45
R00-0E23767E,A1,46
R00-9F9AC549,A1,47
R00-7085707B,A1,48
R00-4306FC06,A1,49
R00-5B30D8FF,A1,50
R00-07EC134E,A1,51
R00-4743B58B,A1,52
R00-3E020D48,A1,53
R00-7342E49B,A1,54
R00-9F755B2E,A1,55
R00-0E909C52,A1,56
R00-AC95F6FB,A1,57
R00-DA49579F,A1,58
R00-772CD8A6,A1,59
R00-DA49579F,A2,1
R00-3E020D48,A2,2
R00-DD0CDE91,A2,3
R00-4415E1FF,A2,4
R00-7628EF05,A2,5
R00-A24AC26E,A2,6
R00-2812791C,A2,7
R00-8891EB40,A2,8
R00-DED24B16,A2,9
R00-E7552322,A2,10
R00-5976EE05,A2,11
R00-586B3D45,A2,12
R00-6B15C093,A2,13
R00-9F755B2E,A2,14
R00-D03F5CF5,A2,15
R00-772CD8A6,A2,16
R00-133CA973,A2,17
R00-22A70063,A2,18
R00-06289E4E,A2,19
R00-0E6D5D41,A2,20
R00-31C6DE99,A2,21
R00-A1632D32,A2,22
R00-9F9AC549,A2,23
R00-294AB328,A2,24
R00-30B9F0C0,A2,25
R00-172F2C9F,A2,26
R00-64371F03,A2,27
R00-4743B58B,A2,28
R00-0B61BBE1,A2,29
R00-550A0FA6,A2,30
R00-912C9A75,A2,31
R00-B28E5FF3,A2,32
R00-C368B113,A2,33
R00-72F17C6B,A2,34
R00-39D5B27C,A2,35
R00-D13F1051,A2,36
R00-888E5E4E,A2,37
R00-346EDB1B,A2,38
R00-CCF91168,A2,39
R00-211BBB5A,A2,40
R00-17102935,A2,41
R00-7085707B,A2,42
R00-60B90B83,A2,43
R00-AC95F6FB,A2,44
R00-07EC134E,A2,45
R00-4306FC06,A2,46
R00-B0777319,A2,47
R00-D7BA9BF4,A2,48
R00-B69DD53F,A2,49
R00-4FEF81B9,A2,50
R00-537DA152,A2,51
R00-7342E49B,A2,52
R00-8DAE1E09,A2,53
R00-543B6CB4,A2,54
R00-CA33D80F,A2,55
R00-8A564A38,A2,56
R00-F1E1ED14,A2,57
R00-5B30D8FF,A2,58
