review_id,Name (extracted),Name (watchlist),Date of birth (extracted),Date of birth (watchlist),SSN (extracted),SSN (watchlist),Driver licence (extracted),Driver licence (watchlist),Provider NPI (extracted),Provider NPI (watchlist),Professional licence (extracted),Professional licence (watchlist),Specialty (extracted),Specialty (watchlist),Category (extracted),Category (watchlist),Address (extracted),Address (watchlist),Home phone (extracted),Home phone (watchlist),Work phone (extracted),Work phone (watchlist),Email (extracted),Email (watchlist),Vehicle (extracted),Vehicle (watchlist),Same row also lists (extracted),Same row also lists (watchlist),party_type,Business name (extracted),Business name (watchlist),TIN (extracted),TIN (watchlist),Clinic NPI (extracted),Clinic NPI (watchlist)
R00-8891EB40,Amy Cervantes,Diane Ann Cervantes,,,,,NY E9930352,,1793552583,,NY 121652,,,,repair shop,,"5209 MONROE BLVD, unit 34; ALBANY, NY 12243","ALBANY, NY",,4474189989,,,amy.cervantes34@mailbox.test,,,,Bergeron Auto Body Inc,,person,,,,,,
R00-AC95F6FB,Alexander Harris,Sandra D Harris,,,603803117,,,,,,,,,,claimant,,"7435 HAMILTON BLVD, unit 14; SAN ANTONIO, TX 78232","6461 FRONT CT; QUEENS, NY 11354",,,,,alexander.harris282@webmail.test,,,,,,person,,,,,,
R00-31C6DE99,Edward Johnson,Edward Owen Johnson,,1999-03-20,,318527519,,FL J8131747,,,,,,,claimant,,"7252 QUEENS DR; MIAMI, FL 33151","3310 LAKEWOOD AVE; NEW ORLEANS, LA 70194",8414917728,,,,,,,,,,person,,,,,,
R00-F1E1ED14,Jessica Latimer-Brownfield,Jessica Hull,1971-03-10,1971-03-10,,,,,,,,,,,,,"8335 CENTER RD; BOSTON, MA 02169","BOSTON, MA",,,,,,,,,,,person,,,,,,
R00-A1632D32,Betty Emanuel,Betty Cynthia Boyd,1947-05-07,1947-05-07,,278993123,,,,,,,,,witness,,"SAINT LOUIS, MO","5726 GARDEN DR, unit 24; SAINT LOUIS, MO 63188",4307981072,,,,,,,,,,person,,,,,,
R00-211BBB5A,S Martinez,Susan Daniel Martinez,,1945-05-12,,196390351,,,,,,,,,,,"3163 HAWTHORN AVE; CHARLOTTE, NC 28273","3163 HAWTHORN AVE, unit 36; CHARLOTTE, NC 28273",,4058750090,,,,,,MFAVJJMV5PJU74BGM NC ZRV6417,,,person,,,,,,
R00-586B3D45,James Carson Ebarb,James Carson Mejia,,1972-01-12,426906493,,,,,,,,,,claimant,,"1563 HARBOR AVE; PATERSON, NJ 07586","1563 HARBOR AVE; PATERSON, NJ 07586",,,,,,james.mejia914@post.test,,,,,person,,,,,,
R00-7628EF05,Charlie Sanchez,Charles Melvin Sanchez,,1987-10-02,,,PA H5954877,,,,,,,,witness,,"2656 SUNSET RD; PHILADELPHIA, PA 19121","2104 CYPRESS ST; PITTSBURGH, PA 15242",6332937750,,,,,,,,,,person,,,,,,
R00-5B30D8FF,Nollie D Aragon,Olivia Debra Aragon,,,,535811053,MA R4862735,,,,,,,,claimant,,"1629 9TH TER, unit 4; WORCESTER, MA 01646","5409 EUCLID PL; WORCESTER, MA 01661",,3548990932,,,,,,,,,person,,,,,,
R00-DD0CDE91,Michael Hanna,Michael Stcyr-Bowling,,2002-10-01,,,MA S4026887,MA S4026887,,,,,,,claimant,,"9864 CYPRESS BLVD; WORCESTER, MA 01686","1459 RAILROAD WAY; BOSTON, MA 02180",9525317544,9525317544,,,,,,,,,person,,,,,,
R00-60B90B83,John Smith,John Alexa Smith,,,,,,TX R6320061,,1729082861,,TX 431285,,PHYSICAL THERAPY,,,,"9874 NORTHGATE DR, unit 9; DALLAS, TX 75250",,3085761345,,5245760855,,,,,,,person,,,,,,
R00-2812791C,Robert Smith,Robert Papa,1950-02-17,,558941479,,,VA R8905661,,2209811183,,,PHARMACY,PHARMACY,medical,,"400 34TH TER; RICHMOND, VA 23216","400 34TH TER; RICHMOND, VA 23216",3733126520,,2945200062,2945200062,robert.papa563@post.test,,,,,,person,,,,,,
R00-537DA152,Mark ParrBish,Mark Parrish,,1966-10-17,,271642969,,,,,NY ATTORNEY 191971,ATTORNEY,,,medical,,"7764 45TH ST; ALBANY, NY 12268","6000 WATER WAY, unit 30; BRONX, NY 10426",3838403072,,,4788831329,mark.parrbish312@mailbox.test,,,,Benavides Orthopedic Associates,Benavides Orthopedic Associates PC,person,,,,,,
R00-39D5B27C,K Felix Burns,Karl Burns,,,668634774,,,,,,,,,,claimant,,"COLUMBUS, OH","4795 14TH RD; COLUMBUS, OH 43271",7295972392,,,,karl.burns815@inbox.test,,,,,,person,,,,,,
R00-912C9A75,J Bowers,James Bowers,,1965-07-16,,,,,,,,,,,witness,,"BRONX, NY","8725 GRANT AVE; BRONX, NY 10473",,9728007865,,,,james.bowers455@post.test,,,,,person,,,,,,
R00-888E5E4E,David Coker,David Coker,1990-01-28,,,020550834,,,,,,,,,,,"6348 12TH LN; QUEENS, NY 11341","718 10TH PL, unit 23; DETROIT, MI 48237",,,,,david.coker119@inbox.test,,,,,,person,,,,,,
R00-133CA973,Harvey Dixon,Harvey Carreon,,1942-07-18,,,,OR R3177994,1913699989,,OR 260502,,,PHYSICIAN,medical,,"5912 34TH DR; PORTLAND, OR 97218","5912 34TH DR, unit 7; PORTLAND, OR 97218",,,,7692920694,,,,,Robles Chiropractic,Robles Chiropractic PC,person,,,,,,
R00-8A564A38,Jonathan Jessica Carpenter,Karen Sammie Carpenter,1989-11-22,1963-04-22,,482598006,,,,2463020554,,CA 597198,,DENTISTRY,witness,,"LOS ANGELES, CA","2764 HIGH RD, unit 28; LOS ANGELES, CA 90023",5999851795,5999792948,,7914683998,jonathan.carpenter795@inbox.test,,,,,,person,,,,,,
R00-B28E5FF3,Creasey Miller,Linda Miller,1994-06-05,1983-09-22,,,,,,2149654446,,RI 406817,,ACUPUNCTURE,witness,,"741 ORCHARD AVE; PROVIDENCE, RI 02928","2341 JUNIPER AVE; PROVIDENCE, RI 02982",4486838160,6478208681,,,,,,,,,person,,,,,,
R00-22A70063,Nichole Chapman,Unknown Chapman,1968-07-16,1967-07-16,,,,MD S1285864,,,,MD 457552,,NEUROLOGY,,,"8610 RIVERSIDE CT, unit 9; BROOKLYN, NY 11231","8110 LAKEWOOD WAY, unit 24; BALTIMORE, MD 21240",7246626126,3483979030,,,nichole.chapman753@inbox.test,,,,,,person,,,,,,
R00-07EC134E,Jamie Smith,John Smith,1956-01-01,1951-01-01,,,,,,,,,,,witness,,"9073 CAMBRIDGE AVE; ATLANTA, GA 30382",,,,,,jamie.smith69@inbox.test,,,,,,person,,,,,,
R00-06289E4E,Tobias Wenceslas,Rosalind Achterberg,,1970-02-02,304341104,304341104,,,,,,,,,,,,,,,,,,,,,,,person,,,,,,
R00-7342E49B,Imelda Fairweather,Rosalind Achterberg,,1970-02-02,304341104,304341104,,,,,,,,,,,,,,,,,,,,,,,person,,,,,,
R00-6B15C093,Kevin Garner,DeboHah Douglas Garner,1942-11-04,,,,,,,,,,,,,,"8615 BAYVIEW ST; NEWARK, NJ 07150","6333 KINGS WAY; PITTSBURGH, PA 15239",,8318025371,,,,,,,,,person,,,,,,
R00-4F579DDF,Isaac Ronald Smith,Isaiah Smith,1959-08-23,1972-04-13,089557552,,,,,,,,,,,,"TAMPA, FL","689 CARDINAL DR; MILWAUKEE, WI 53257",,,,,isaac.smith963@webmail.test,isaiah.smith500@post.test,,,,,person,,,,,,
R00-4FEF81B9,Lucretia Miller,Martha Miller,1994-06-05,1987-06-08,,,,,,,,,,,claimant,,"741 ORCHARD AVE; PROVIDENCE, RI 02928","2636 LAUREL RD; DENVER, CO 80230",,4094221277,,,,martha.miller713@post.test,,,,,person,,,,,,
R00-B0777319,Jacob Bledsoe,James Blaylock,,1986-12-23,,,,,,,,,,,witness,,"8194 HILLSIDE BLVD; CHARLOTTE, NC 28267","2469 WALNUT RD, unit 1; BOSTON, MA 02875",4829193094,2442695127,,,,james.blaylock639@inbox.test,,,,,person,,,,,,
R00-D03F5CF5,Jason Steve Harmon,Kathie Harlow,,1948-03-09,,,OH A8169443,,,1671533739,,,,,,,"1786 FRANKLIN TER, unit 32; CLEVELAND, OH 44122","8327 BIRCH WAY; BALTIMORE, MD 21275",,,,2064191226,,,,,,,person,,,,,,
R00-17102935,Julie Charles Gonzaga,Barbara Fred Gonsalez,1969-03-02,1945-05-08,,,,,1915373165,,,,PSYCHOLOGY,,medical,,"6203 BROAD DR; CHICAGO, IL 60626","5564 12TH DR, unit 4; HIALEAH, FL 33037",8587561343,,,,julie.gonzaga680@webmail.test,,,,,,person,,,,,,
R00-CCF91168,Steven Manning,Steven Joseph Manning,1963-01-07,1963-01-07,,,,,,1672254897,,NY 909910,,CHIROPRACTIC,medical,,"1702 WALNUT ST; BROOKLYN, NY 11269","1702 WALNUT ST; BROOKLYN, NY 11269",2518821261,,,,,steven.manning746@inbox.test,,,,,person,,,,,,
R00-DED24B16,Boyd Deleon,Boyd Deleon,,1975-03-16,,,,,,,,,,,claimant,,"1529 WILLOW PL; HIALEAH, FL 33080","1529 WILLOW PL; HIALEAH, FL 33080",,3867698286,,,,,,,,,person,,,,,,
R00-64371F03,Leopold Anyanwu,Leopold Anyanwu,,,,,,,,,,,,,,,,,,,,,,,,,Anyanwu Family Medicine PC,Anyanwu Family Medicine PC,person,,,,,,
R00-172F2C9F,Zelda Everhart,Zelda Everhart,,,051334303,,,TX R3218008,,1148787108,,TX 727464,PSYCHOLOGY,PSYCHOLOGY,medical,,"DALLAS, TX","DALLAS, TX",,,,2997219572,zelda.everhart981@post.test,,,,Hillside Hansen Orthopedic Associates PC,Hillside Hansen Orthopedic Associates PC,person,,,,,,
R00-D13F1051,Maryanne Merritt,Maryanne Patsy Merritt,,,,433682781,,,,1065068193,,MA 956369,GENERAL PRACTICE,GENERAL PRACTICE,other,,"WORCESTER, MA","9296 WASHINGTON LN; WORCESTER, MA 01638",3757377185,,,,maryanne.merritt213@post.test,,,,,,person,,,,,,
R00-7085707B,Jason Zepeda,Jason Zepeda,,1973-06-01,,,,,,,,,,,,,"5050 SPRING BLVD; SEATTLE, WA 98121","9846 GRANT DR; SEATTLE, WA 98127",,9346448417,,,,jason.zepeda171@mailbox.test,,,,,person,,,,,,
R00-5976EE05,Michelle Stankiewicz,Michelle Stankiewicz,1967-12-25,1967-12-25,,,,,,,,,,,claimant,,"QUEENS, NY","5416 MAPLE BLVD; QUEENS, NY 11365",,4819112569,,,michelle.stankiewicz954@mailbox.test,,,,,,person,,,,,,
R00-0E23767E,Francis Michael Diggs,Francis Michael Diggs,1998-12-11,1998-12-11,892370604,,,,,,,,,,claimant,,"2131 IVY RD; PHILADELPHIA, PA 19132","784 10TH RD; MIAMI, FL 33189",,,,,francis.diggs276@inbox.test,,,,,,person,,,,,,
R00-D7BA9BF4,Janice Greenberg,Janice Greenberg,1957-01-13,1957-01-13,,,,,,,,,,,claimant,,"4541 JACKSON BLVD, unit 23; TAMPA, FL 33620","5679 GARDEN WAY; MIAMI, FL 33130",,,,,janice.greenberg365@post.test,janice.greenberg365@post.test,,,,,person,,,,,,
R00-8DAE1E09,Kirk Gravley,Kirk Gravley,1965-05-17,,304079232,304079232,,,,,,,,,,,"591 JEFFERSON ST; DETROIT, MI 48222","530 OXFORD BLVD; DETROIT, MI 48244",,,,,,kirk.gravley641@inbox.test,,,,,person,,,,,,
R00-4306FC06,Rosamund Ekwueme,Rosamund Ekwueme,,,,,NY D2800001,NJ E2800002,,,,,,,,,,,,,,,,,,,,,person,,,,,,
R00-4D6F3FE1,Tessa Rose,Guerra,1987-02-20,1987-02-20,,683108637,,,,,,,,,claimant,,"PATERSON, NJ","1541 GREEN BLVD; PATERSON, NJ 07597",4702673417,4702673417,,,tessa.guerra29@inbox.test,,,,,,person,,,,,,
R00-294AB328,Noel Sheila Penn,Noel Sheila Graham,1941-04-26,1941-04-26,,,,,,,,,,,claimant,,"2595 SUMMIT RD, unit 38; NEWARK, NJ 07186","2701 ASHFORD BLVD; NEWARK, NJ 07143",,2066067314,,,,noel.graham228@inbox.test,,,,,person,,,,,,
R00-772CD8A6,Daniel Eugene Smith,Elisa Smith,1963-04-13,1947-12-09,073796767,848629009,,,,2723758399,,PA 806480,,,claimant,,"PITTSBURGH, PA","7100 MARKET DR, unit 8; PHILADELPHIA, PA 19143",,8759124374,,4397595831,daniel.smith321@mailbox.test,,,,,,person,,,,,,
R00-3E020D48,Russell Lindsey,Elaine Lindsey,,,,,,,2245842481,2281827263,,,RADIOLOGY,,medical,,"2623 NORTHGATE BLVD; SAN DIEGO, CA 92116","SAN DIEGO, CA",5877332066,,7937427991,8583890142,,elaine.lindsey587@inbox.test,N4VYHTJA6LJG1TB5T CA HGN5511,,,Orchard Montenegro Pharm Inc,person,,,,,,
R00-346EDB1B,Mortimer Quackenbush,Mortimer Quackenbush,1966-11-02,1966-11-02,306361106,406561206,,,,,,,,,,,,,,,,,,,,,,,person,,,,,,
R00-4415E1FF,Suzanne Walker,Willie Bailey Walker,1978-05-18,1959-01-23,857900678,613277184,,,,,,,,,witness,,"343 ASPEN PL, unit 18; LAS VEGAS, NV 89172","1091 LAUREL TER; SAN ANTONIO, TX 78269",,,,,suzanne.walker233@post.test,,,VWUXE3239K8LF7V12 TX YXN6241,,,person,,,,,,
R00-0B61BBE1,George Yanez,Curtis Whitney Xiong,1940-08-13,2001-06-03,,,,,2355056492,1289689311,,IL 470977,,PAIN MANAGEMENT,claimant,,"DENVER, CO","1991 MAIN RD; CHICAGO, IL 60624",,5678609138,,3252448911,,,,,,,person,,,,,,
R00-550A0FA6,Claire Whitaker,Christy Wheeless,1952-07-20,1974-08-21,,,,,1719102513,1768156972,AZ 826998,,DENTISTRY,GENERAL PRACTICE,medical,,"4689 CROSSWIND AVE, unit 15; PHOENIX, AZ 85042","2740 STATION AVE; WORCESTER, MA 01639",,3093774170,,3339256645,,,,,,,person,,,,,,
R00-92D630A8,,,,,,,,,,,,,,,,,"118 ORCHARD ST; BROOKLYN, NY 11211","118 ORCHARD ST; BROOKLYN, NY 11211",,,,,,,,,Harold Vantongeren,,business,Vantongeren Chiropractic PC,Marchetti Towing LLC,450000101,450000111,,
R00-0E909C52,,,,,,,,,,,,,PSYCHOLOGY,,medical,,"DALLAS, TX","5284 GARDEN CT; DALLAS, TX 75216",,,,8225579459,zelda.everhart981@post.test,,,,Zelda Everhart,,business,Hillside Hansen Orthopedic Associates PC,Bacon Auto Body Inc d/b/a Hillside Auto Body,905204017,,2822182483,
R00-C368B113,,,,,,,,,,,,,,,repair shop,,"5385 DOGWOOD PL; PATERSON, NJ 07562","9047 MAPLEWOOD WAY; NEWARK, NJ 07110",,,7695236411,3856855692,,,,,,,business,Smith Auto Body Inc,Smith Auto Body Inc,,,,
R00-4743B58B,,,,,,,,,,,,,,,,,,"118 ORCHARD ST; BROOKLYN, NY 11211",,,,,,,,,,,business,,Marchetti Towing LLC,450000111,450000111,,
R00-0E6D5D41,,,,,,,,,,,,,,,,,,,,,,,,,,,,,business,,Harbor Point Physical Therapy,,,1900001391,1900001391
R00-B69DD53F,,,,,,,,,,,,,,,medical,,"276 EUCLID DR; ORLANDO, FL 32889","5063 CAMBRIDGE DR; PHILADELPHIA, PA 19179",,,,3818981853,,,,,,,business,Davis Diagnostics LLC,Davis Diagnostics LLC,549611313,,2305767354,
R00-9F755B2E,,,,,,,,,,,,,,,medical,,"MINNEAPOLIS, MN","1461 RAILROAD ST; SAINT LOUIS, MO 63133",,,8563226750,,,,,,,,business,Gonzalez Orthopedic Assoc PC d/b/a Mill Orthopedic Associates,Gonzalez Orthopedic Associates PC,,463307461,,
R00-DA49579F,,,,,,,,,,,,,DENTISTRY,DENTISTRY,repair shop,,"7782 BAYVIEW LN; DALLAS, TX 75257","7782 BAYVIEW LN; DALLAS, TX 75257",,,6163562423,6163562423,,,,,Thomas Cain-Leigh,Thomas Terry Cain-Leigh,business,Spruce Rivera Towing Corp,Queens Ellis Chiropractic PC,278312890,,,2800071245
R00-543B6CB4,,,,,,,,,,,,,,,,,"2116 ASPEN LN; NEW ORLEANS, LA 70119","6097 BRIDGE LN; PATERSON, NJ 07574",,,,3659689101,office68855@castro.test,,,,,,business,Castro Orthopedic Assoc PC,Castro Orthopedic Associates PC,,,1899044584,
R00-9F9AC549,,,,,,,,,,,,,,PODIATRY,medical,,"1260 6TH LN; PROVIDENCE, RI 02990","1260 6TH LN; PROVIDENCE, RI 02990",,,,,harold.hanson308@webmail.test,,,,Harold Hanson,Hanson Harold,business,Chung Physical Therapy PLLC,Bridge Jones Medical PC,,682955143,,1800998068
R00-E7552322,,,,,,,,,,,,,,,,,"8215 KENWOOD TER; BALTIMORE, MD 21232","2607 MILL PL; BALTIMORE, MD 21203",,,,3224213717,office95542@heron burgos.test,info.office76@webmail.test,,,,,business,Heron Burgos Chiropractic PC,Heron Burgos Chiropractic PC,,,,1931216943
R00-72F17C6B,,,,,,,,,,,,,,,medical,,"SEATTLE, WA","5490 LAUREL RD; SAN ANTONIO, TX 78277",,,,,,,,,,,business,Oak Klinger Rehabilitation Center Inc,Oak Klinger Rehabilitation Center Inc,,924138649,,2154308623
R00-CA33D80F,,,,,,,,,,,,,,DENTISTRY,medical,,"6191 CYPRESS AVE, unit 5; SEATTLE, WA 98169","6191 CYPRESS AVE; SEATTLE, WA 98169",,,5272813717,5272813717,,,,,Ronald Brandon Davis-Langley,Ronald Davis-Langley,business,Barker Chiro PC,Law Offices of Lois Huggins,910485080,334748714,,
R00-A24AC26E,,,,,,,,,,,,,PODIATRY,PODIATRY,medical,,"1260 6TH LN; PROVIDENCE, RI 02990","1260 6TH LN; PROVIDENCE, RI 02990",,,,,,,,,Harold Aaron Hanson,Hanson Harold,business,Geyer Orthopedic Associates PC,Bridge Jones Medical PC,841477521,682955143,,1800998068
R00-30B9F0C0,,,,,,,,,,,,,,,medical,,"3286 EASTGATE ST; MEMPHIS, TN 38194","7211 2ND DR; BROOKLYN, NY 11234",,,,,office54470@5th johnson.test,office5844@5th rappe.test,,,,,business,5Th Johnson Pharmacy Inc,5Th Rappe Pharmacy Inc,616863322,374911164,2796663468,2332402371
